{"count":1,"self":117.82717439999999,"total":1994.423143,"children":{"InitializeActuators":{"count":27,"self":0.0030432999999999997,"total":0.0030432999999999997,"children":null},"InitializeSensors":{"count":27,"self":0.0029917999999999998,"total":0.0029917999999999998,"children":null},"AgentSendState":{"count":233017,"self":55.6161408,"total":309.99542759999997,"children":{"CollectObservations":{"count":1258308,"self":6.6376824,"total":6.6376826,"children":null},"WriteActionMask":{"count":1258308,"self":2.321786,"total":2.3217859,"children":null},"RequestDecision":{"count":1258308,"self":9.9017216,"total":245.4198179,"children":{"AgentInfo.ToProto":{"count":1258308,"self":10.1200184,"total":235.51809649999998,"children":{"GenerateSensorData":{"count":1258308,"self":220.4666112,"total":225.39807829999998,"children":{"RayPerceptionSensor.Perceive":{"count":1258308,"self":4.9314564,"total":4.9314564,"children":null}}}}}}}}},"DecideAction":{"count":233017,"self":1498.5780224,"total":1498.5780441,"children":null},"AgentAct":{"count":233017,"self":46.415670399999996,"total":56.0026857,"children":{"AgentInfo.ToProto":{"count":27124,"self":0.3204728,"total":9.5870151,"children":{"GenerateSensorData":{"count":27124,"self":9.1422256,"total":9.2665423,"children":{"RayPerceptionSensor.Perceive":{"count":27124,"self":0.12431629999999999,"total":0.12431629999999999,"children":null}}}}}}},"AgentInfo.ToProto":{"count":40451,"self":0.5543102,"total":12.012787999999999,"children":{"GenerateSensorData":{"count":40451,"self":11.261671999999999,"total":11.458477799999999,"children":{"RayPerceptionSensor.Perceive":{"count":40451,"self":0.1968062,"total":0.1968062,"children":null}}}}}},"gauges":{"Hider.CumulativeReward":{"count":67575,"max":2,"min":-2,"runningAverage":0.09767233,"value":2,"weightedAverage":1.15117431}},"metadata":{"timer_format_version":"0.1.0","start_time_seconds":"1699288695","unity_version":"2021.3.8f1","command_line_arguments":"C:\\Program Files\\Unity Editors\\2021.3.8f1\\Editor\\Unity.exe -projectpath D:\\Github\\Unity\\HIde-n-Seek-IA -useHub -hubIPC -cloudEnvironment production -licensingIpc LicenseClient-natha -hubSessionId 8bd04990-bf5e-44df-99c9-03b1feea0abb -accessToken nr7z4Th66i20iwQGu1498DShsKTnfrOgR37en_HCQm4008f","communication_protocol_version":"1.5.0","com.unity.ml-agents_version":"2.0.1","scene_name":"Reinforcement Learning","end_time_seconds":"1699290689"}}