{"count":1,"self":165.6089984,"total":1556.559573,"children":{"InitializeActuators":{"count":27,"self":0.0029936999999999997,"total":0.0029936999999999997,"children":null},"InitializeSensors":{"count":27,"self":0.001536,"total":0.001536,"children":null},"AgentSendState":{"count":178734,"self":7.8072887999999994,"total":188.4026412,"children":{"CollectObservations":{"count":965169,"self":4.6067272,"total":4.6067273,"children":null},"WriteActionMask":{"count":965169,"self":1.8058614,"total":1.8058614,"children":null},"RequestDecision":{"count":965169,"self":7.1313879999999994,"total":174.1827634,"children":{"AgentInfo.ToProto":{"count":965169,"self":7.6077391999999993,"total":167.0513751,"children":{"GenerateSensorData":{"count":965169,"self":159.4436352,"total":159.4436357,"children":null}}}}}}},"DecideAction":{"count":178734,"self":1139.1456256,"total":1139.1456174,"children":null},"AgentAct":{"count":178734,"self":37.7113568,"total":48.9462772,"children":{"AgentInfo.ToProto":{"count":33192,"self":0.3491029,"total":11.2349192,"children":{"GenerateSensorData":{"count":33192,"self":10.885816,"total":10.8858163,"children":null}}}}},"AgentInfo.ToProto":{"count":55671,"self":0.66650999999999994,"total":14.450503399999999,"children":{"GenerateSensorData":{"count":55671,"self":13.783993599999999,"total":13.7839934,"children":null}}}},"gauges":{"Hider.CumulativeReward":{"count":88863,"max":2,"min":-2,"runningAverage":0.07248353,"value":-1,"weightedAverage":-0.436039}},"metadata":{"timer_format_version":"0.1.0","start_time_seconds":"1699122415","unity_version":"2021.3.8f1","command_line_arguments":"C:\\Program Files\\Unity Editors\\2021.3.8f1\\Editor\\Unity.exe -projectpath D:\\Github\\Unity\\HIde-n-Seek-IA -useHub -hubIPC -cloudEnvironment production -licensingIpc LicenseClient-natha -hubSessionId d77a8100-152d-41ec-9f8e-18d2600fb168 -accessToken 15SPGrvc5XGTF1_ehJtxW54S7waaoqmfxd8dlFLxV3o008f","communication_protocol_version":"1.5.0","com.unity.ml-agents_version":"2.0.1","scene_name":"Reinforcement Learning","end_time_seconds":"1699123972"}}