{"count":1,"self":49.128601599999996,"total":287.73794269999996,"children":{"InitializeActuators":{"count":27,"self":0.0019938,"total":0.0019938,"children":null},"InitializeSensors":{"count":27,"self":0.0019946,"total":0.0019946,"children":null},"AgentSendState":{"count":92751,"self":3.3535266,"total":13.387616999999999,"children":{"CollectObservations":{"count":500877,"self":1.5754393,"total":1.5754393,"children":null},"WriteActionMask":{"count":500877,"self":0.81487559999999992,"total":0.81487559999999992,"children":null},"RequestDecision":{"count":500877,"self":2.9399688,"total":7.6437754999999994,"children":{"AgentInfo.ToProto":{"count":500877,"self":2.1992368,"total":4.7038066999999995,"children":{"GenerateSensorData":{"count":500877,"self":2.5045698,"total":2.5045698,"children":null}}}}}}},"DecideAction":{"count":92751,"self":209.68058879999998,"total":209.68058309999998,"children":null},"AgentAct":{"count":92751,"self":15.1916192,"total":15.214593299999999,"children":{"AgentInfo.ToProto":{"count":1395,"self":0.0099939,"total":0.0229748,"children":{"GenerateSensorData":{"count":1395,"self":0.0129809,"total":0.0129809,"children":null}}}}},"AgentInfo.ToProto":{"count":17392,"self":0.1516769,"total":0.32156019999999996,"children":{"GenerateSensorData":{"count":17392,"self":0.1698833,"total":0.1698833,"children":null}}}},"gauges":{"Hider.CumulativeReward":{"count":18787,"max":1.979,"min":-2.99104643,"runningAverage":-1.27368438,"value":-0.9999907,"weightedAverage":-1.02481353}},"metadata":{"timer_format_version":"0.1.0","start_time_seconds":"1699049833","unity_version":"2021.3.8f1","command_line_arguments":"C:\\Program Files\\Unity Editors\\2021.3.8f1\\Editor\\Unity.exe -projectpath D:\\Github\\Unity\\HIde-n-Seek-IA -useHub -hubIPC -cloudEnvironment production -licensingIpc LicenseClient-natha -hubSessionId 0ccdaf00-9a86-420b-acf2-266d77e6d8be -accessToken L2852M5Q1te4s2ijPahltSnNoWN6bqIzPoc-iPcfrj4008f","communication_protocol_version":"1.5.0","com.unity.ml-agents_version":"2.0.1","scene_name":"Reinforcement Learning","end_time_seconds":"1699050120"}}