{"count":1,"self":1317.5578624,"total":3532.7235478999996,"children":{"InitializeActuators":{"count":2,"self":0.0030206,"total":0.0030206,"children":null},"InitializeSensors":{"count":2,"self":0.0035012,"total":0.0035012,"children":null},"AgentSendState":{"count":2594901,"self":38.3701984,"total":251.0576767,"children":{"CollectObservations":{"count":518981,"self":3.5594192,"total":3.5594192,"children":null},"WriteActionMask":{"count":518981,"self":1.2163643,"total":1.2163643,"children":null},"RequestDecision":{"count":518981,"self":5.6783503999999994,"total":207.91169359999998,"children":{"AgentInfo.ToProto":{"count":518981,"self":6.0221219999999995,"total":202.23334309999998,"children":{"GenerateSensorData":{"count":518981,"self":193.67872,"total":196.21122119999998,"children":{"RayPerceptionSensor.Perceive":{"count":518981,"self":2.5324983999999997,"total":2.5324985,"children":null}}}}}}}}},"DecideAction":{"count":2594901,"self":1898.3362559999998,"total":1898.3362250999999,"children":null},"AgentAct":{"count":2594901,"self":52.9264832,"total":59.137809,"children":{"AgentInfo.ToProto":{"count":11353,"self":0.1440709,"total":6.2113258999999994,"children":{"GenerateSensorData":{"count":11353,"self":6.0147036,"total":6.0672549999999994,"children":{"RayPerceptionSensor.Perceive":{"count":11353,"self":0.052551299999999995,"total":0.052551299999999995,"children":null}}}}}}},"AgentInfo.ToProto":{"count":19559,"self":0.2908881,"total":6.627406,"children":{"GenerateSensorData":{"count":19559,"self":6.223894,"total":6.3365179,"children":{"RayPerceptionSensor.Perceive":{"count":19559,"self":0.1126239,"total":0.1126239,"children":null}}}}}},"gauges":{"Hider.CumulativeReward":{"count":30911,"max":2,"min":-2,"runningAverage":0.037947353,"value":-1,"weightedAverage":-0.347726345}},"metadata":{"timer_format_version":"0.1.0","start_time_seconds":"1699272724","unity_version":"2021.3.8f1","command_line_arguments":"C:\\Program Files\\Unity Editors\\2021.3.8f1\\Editor\\Unity.exe -projectpath D:\\Github\\Unity\\HIde-n-Seek-IA -useHub -hubIPC -cloudEnvironment production -licensingIpc LicenseClient-natha -hubSessionId 8bd04990-bf5e-44df-99c9-03b1feea0abb -accessToken nr7z4Th66i20iwQGu1498DShsKTnfrOgR37en_HCQm4008f","communication_protocol_version":"1.5.0","com.unity.ml-agents_version":"2.0.1","scene_name":"Reinforcement Learning","end_time_seconds":"1699276257"}}